491678,-112.611842,43.962226,-124.710607,-0.514532,0.174119,-0.779847,0.311092
491738,-112.466359,44.410054,-124.968119,-0.516395,0.169204,-0.779588,0.311365
491758,-112.405393,44.595562,-124.929583,-0.517535,0.168219,-0.779301,0.310725
491778,-112.356311,44.78691,-124.850203,-0.518796,0.167533,-0.778983,0.309791
491798,-112.327843,44.961646,-124.838632,-0.519756,0.166564,-0.778824,0.309101
491818,-112.364822,45.081714,-124.993514,-0.519894,0.165046,-0.779101,0.308984
491858,-112.53085,45.121316,-125.311268,-0.51895,0.163589,-0.780084,0.308866
491898,-112.79679,45.069912,-125.669416,-0.517346,0.162612,-0.781327,0.30893
491918,-113.001955,44.95569,-125.811019,-0.516088,0.163163,-0.782129,0.308716
491938,-113.174322,44.843429,-125.879239,-0.515081,0.164054,-0.782738,0.308381
491958,-113.328466,44.672955,-125.991814,-0.513677,0.164861,-0.78339,0.308639
492018,-114.016389,43.653207,-126.67079,-0.505509,0.168542,-0.786693,0.311718
492038,-114.314281,43.066371,-126.960444,-0.501167,0.170878,-0.788194,0.313659
492058,-114.66915,42.314654,-127.354082,-0.495527,0.173558,-0.790085,0.316379
492078,-115.012572,41.453572,-127.798973,-0.489102,0.176348,-0.792077,0.319836
492098,-115.30291,40.517686,-128.276649,-0.482178,0.179013,-0.794004,0.324063
492118,-115.498062,39.549514,-128.813434,-0.474968,0.180985,-0.795763,0.329259
492138,-115.519836,38.631004,-129.304442,-0.468357,0.182275,-0.796919,0.335168
492178,-115.715795,35.985746,-130.496215,-0.449376,0.187954,-0.800156,0.349978
492198,-116.049545,34.198006,-131.04946,-0.436691,0.194211,-0.802443,0.357308
492218,-116.342205,32.34962,-131.704953,-0.42317,0.199767,-0.804701,0.365344
492238,-116.401231,30.611187,-132.423352,-0.41029,0.203386,-0.806224,0.374565
492258,-116.138228,28.959657,-133.424959,-0.397369,0.203404,-0.807078,0.386458
492298,-115.038827,25.645301,-135.442924,-0.371743,0.201564,-0.806339,0.413518
492318,-114.775701,23.76872,-136.15642,-0.357814,0.204794,-0.806143,0.424455
492338,-114.565645,22.0211,-136.814727,-0.344642,0.207958,-0.805921,0.434127
492358,-114.028751,20.467756,-137.76762,-0.33202,0.207176,-0.804917,0.446038
492378,-113.06676,19.083166,-139.017299,-0.31988,0.202401,-0.802669,0.460904
492398,-112.082831,17.536256,-140.44862,-0.305792,0.197184,-0.800149,0.476835
492518,-108.040356,8.706691,-147.576291,-0.222538,0.18245,-0.787245,0.545376
492798,-96.409049,-7.711968,-159.067032,-0.071444,0.179143,-0.723337,0.663014
492818,-95.998664,-8.66502,-159.587548,-0.062935,0.181007,-0.720342,0.666621
492858,-94.580566,-10.042419,-160.376243,-0.051745,0.183208,-0.711163,0.67676
492878,-93.515754,-10.691868,-160.925213,-0.046065,0.183099,-0.704701,0.683922
492918,-92.412705,-12.661347,-162.120892,-0.028246,0.186857,-0.696865,0.691857
492938,-92.318326,-13.661517,-162.343775,-0.020769,0.191304,-0.695022,0.692759
492958,-92.238194,-14.491978,-162.471786,-0.014911,0.195344,-0.693359,0.693449
493078,-90.539062,-17.325767,-163.061546,0.003377,0.208276,-0.679052,0.703916
493138,-89.520332,-17.818779,-162.967808,0.003975,0.211765,-0.671692,0.709908
493218,-89.043633,-18.703235,-162.850616,0.007779,0.217708,-0.666857,0.712632
493298,-88.355061,-18.813409,-162.672744,0.00603,0.219434,-0.662014,0.716624
493318,-88.451558,-18.969387,-162.612188,0.006787,0.220707,-0.662202,0.716053
493338,-88.612552,-19.098631,-162.486881,0.007104,0.222188,-0.662716,0.715115
493358,-88.6633,-19.143507,-162.398403,0.006924,0.222962,-0.662774,0.714822
493378,-88.494028,-19.049522,-162.41571,0.00613,0.222314,-0.661933,0.71581
493398,-88.285816,-18.879686,-162.525007,0.005377,0.220685,-0.66117,0.717024
493418,-88.24269,-18.794247,-162.654972,0.005587,0.219428,-0.661314,0.717276
493438,-88.333156,-18.832227,-162.751551,0.006595,0.219093,-0.661992,0.716744
493458,-88.38148,-18.855813,-162.8728,0.007588,0.21853,-0.66248,0.716454
493498,-88.317017,-18.846742,-163.049279,0.008514,0.217461,-0.66243,0.716816
493538,-88.487157,-18.991187,-162.999213,0.009404,0.218597,-0.663124,0.715817
493638,-87.941179,-18.785496,-163.399913,0.009628,0.215101,-0.660852,0.718967
493698,-88.02476,-18.814446,-163.210813,0.008775,0.216358,-0.660966,0.718496
493798,-87.776605,-18.484561,-163.439583,0.007746,0.213081,-0.660454,0.719956
493918,-88.509983,-17.792465,-163.29063,0.003962,0.209761,-0.666049,0.715796
493938,-88.811488,-17.513478,-163.162072,0.002009,0.208836,-0.668204,0.714063
493958,-89.148374,-17.080623,-162.919437,-0.001535,0.207676,-0.670647,0.712111
493998,-89.991683,-15.854092,-162.177378,-0.01215,0.204818,-0.676742,0.707052
494018,-90.513312,-15.187752,-161.73153,-0.018081,0.203596,-0.680347,0.703811
494078,-91.996255,-12.468808,-160.277547,-0.041278,0.196758,-0.691587,0.693751
494178,-95.562734,-6.952453,-156.457832,-0.092936,0.190762,-0.715347,0.665772
494258,-99.129008,-1.56871,-153.330521,-0.139452,0.184187,-0.738495,0.633446
494298,-101.261174,1.267245,-151.539221,-0.164211,0.183233,-0.751028,0.612714
494318,-102.287929,2.842265,-150.677101,-0.177429,0.181991,-0.757073,0.601862
494338,-103.274168,4.349925,-150.006431,-0.18923,0.180001,-0.762937,0.59137
494358,-104.254983,5.894764,-149.283073,-0.201523,0.178358,-0.76854,0.58045
494378,-105.276984,7.456718,-148.515825,-0.21404,0.177205,-0.774095,0.568825
494398,-106.415044,9.002737,-147.629198,-0.226792,0.177391,-0.779796,0.555893
494418,-107.504295,10.65651,-146.607825,-0.240873,0.178097,-0.784897,0.542401
494458,-109.292753,14.19027,-144.853996,-0.269405,0.176216,-0.793141,0.517007
494478,-110.080561,16.084815,-144.047228,-0.284176,0.17418,-0.796595,0.504323
494498,-110.868177,17.938126,-143.364523,-0.29802,0.17165,-0.79995,0.491732
494518,-111.86115,19.580602,-142.688348,-0.310064,0.170829,-0.803819,0.478073
494538,-113.112577,20.914294,-142.059807,-0.319381,0.17219,-0.808575,0.463198
494558,-114.372679,22.249264,-141.190952,-0.329593,0.17538,-0.812571,0.447592
494698,-117.623589,32.555325,-136.660638,-0.406388,0.168338,-0.816747,0.373411
494858,-117.228845,40.848903,-132.919907,-0.468039,0.152908,-0.806029,0.328444
494918,-116.84309,42.971179,-132.596156,-0.481581,0.143046,-0.802963,0.32073
494938,-116.733465,43.491421,-132.480576,-0.484977,0.140796,-0.802101,0.31876
494958,-116.593255,43.973496,-132.410621,-0.488051,0.138278,-0.801233,0.317351
495018,-115.946751,45.209145,-132.005099,-0.496802,0.132112,-0.797932,0.314705
495038,-115.804778,45.444643,-131.8659,-0.498644,0.131272,-0.79718,0.314049
495058,-115.710112,45.609941,-131.700855,-0.500111,0.13117,-0.79659,0.313256
495098,-115.314617,46.142067,-131.489338,-0.504038,0.128201,-0.794812,0.312706
495118,-115.177439,46.376206,-131.43736,-0.505602,0.126763,-0.794176,0.312381
495178,-115.151006,46.694383,-131.182512,-0.508043,0.126785,-0.793543,0.310014
495238,-114.706115,47.122254,-130.946146,-0.511465,0.124251,-0.791706,0.310107
495258,-114.746413,47.103812,-131.000242,-0.511177,0.124151,-0.79189,0.310154
495278,-114.846844,47.061287,-131.078994,-0.510627,0.124272,-0.792284,0.310005
495298,-114.995346,47.038297,-131.143402,-0.510169,0.124604,-0.792774,0.309371
495318,-115.10896,47.043809,-131.152432,-0.510051,0.125018,-0.793085,0.308602
495338,-115.056244,47.136454,-130.99699,-0.511024,0.125384,-0.79269,0.307857
495358,-114.98868,47.193971,-130.938906,-0.511562,0.12519,-0.792394,0.307805
495398,-115.213502,46.995574,-131.05547,-0.509938,0.1264,-0.793302,0.307666
495418,-115.323919,46.828043,-131.076562,-0.508857,0.1276,-0.793771,0.307749
495438,-115.43103,46.659058,-131.114456,-0.507724,0.128675,-0.794251,0.307935
495458,-115.491928,46.529735,-131.11854,-0.506945,0.129575,-0.794534,0.308112
495478,-115.520574,46.371753,-131.160505,-0.505944,0.130216,-0.794797,0.308806
495498,-115.633627,46.122307,-131.354469,-0.503938,0.130638,-0.795541,0.309992
495518,-115.809259,45.712605,-131.647252,-0.500706,0.131454,-0.796709,0.311879
495538,-116.074338,45.048677,-131.940991,-0.495945,0.133921,-0.798344,0.314247
495578,-116.695025,43.255574,-132.754767,-0.482928,0.139893,-0.802519,0.321207
495598,-116.96337,42.245594,-133.182064,-0.475652,0.143051,-0.804597,0.325446
495618,-117.14161,41.171247,-133.538299,-0.468236,0.146607,-0.80636,0.33022
495638,-117.265523,40.103797,-133.829634,-0.461037,0.150327,-0.807845,0.335011
495758,-116.507345,32.33682,-138.752001,-0.399621,0.150572,-0.816024,0.389534
495798,-115.547526,29.980364,-140.233387,-0.380957,0.148224,-0.815375,0.409958
495838,-115.214964,27.174128,-141.701796,-0.358199,0.150361,-0.816654,0.426803
495858,-114.931976,25.46893,-142.525571,-0.344492,0.151908,-0.816856,0.43703
495878,-114.511086,23.781057,-143.320591,-0.331029,0.153206,-0.816335,0.447822
495898,-114.079295,22.310034,-144.058266,-0.319083,0.153887,-0.815545,0.457592
495918,-113.645373,21.12207,-144.769425,-0.308997,0.153434,-0.814619,0.466235
495938,-113.154692,20.095786,-145.421134,-0.300211,0.152524,-0.813313,0.474481
495958,-112.637565,18.97147,-146.097337,-0.290636,0.15192,-0.811818,0.483117
495978,-112.154001,17.743708,-146.772159,-0.28031,0.151901,-0.810175,0.491903
495998,-111.644892,16.551765,-147.49549,-0.26992,0.151466,-0.808545,0.500456
496018,-111.148256,15.506633,-148.261345,-0.260228,0.150107,-0.806979,0.508463
496038,-110.722107,14.405812,-149.005016,-0.250097,0.149407,-0.805586,0.515908
496058,-110.28242,13.190408,-149.661876,-0.23954,0.149924,-0.803879,0.523376
496078,-109.673386,12.081015,-150.237128,-0.230235,0.15021,-0.801248,0.531442
496098,-108.936777,11.048282,-150.837611,-0.221451,0.149778,-0.797994,0.540122
496118,-108.284016,9.917293,-151.473269,-0.211686,0.149866,-0.79501,0.548351
496138,-107.885693,8.652498,-152.040311,-0.200974,0.151664,-0.792965,0.55481
496158,-107.452919,7.485638,-152.585087,-0.191038,0.153122,-0.790711,0.561101
496198,-105.696317,5.979692,-153.71603,-0.177625,0.150316,-0.782262,0.577859
496278,-102.969897,2.259861,-155.789293,-0.145696,0.152104,-0.767461,0.605509
496298,-102.33947,1.233916,-156.265794,-0.137199,0.15365,-0.763687,0.611842
496418,-98.050863,-3.97752,-158.944226,-0.093924,0.160178,-0.7377,0.649092
496438,-97.753626,-4.908361,-159.363449,-0.085914,0.16246,-0.735402,0.652234
496478,-96.478498,-6.325443,-160.205625,-0.07373,0.164182,-0.727404,0.662188
496498,-95.782734,-7.127618,-160.658603,-0.066939,0.165445,-0.722922,0.667481
496518,-95.298283,-8.029855,-161.047268,-0.059583,0.167879,-0.719399,0.671366
496558,-94.49758,-9.60772,-161.446056,-0.048339,0.174047,-0.712998,0.677499
496578,-93.89864,-10.174081,-161.566499,-0.044935,0.176315,-0.708784,0.681557
496598,-93.139096,-10.60475,-161.667272,-0.042779,0.177896,-0.703751,0.686482
496618,-92.400848,-11.010134,-161.786513,-0.04066,0.179258,-0.698875,0.691222
496658,-91.553618,-12.067187,-162.014573,-0.034002,0.183792,-0.692443,0.696841
496718,-90.514623,-13.2018,-162.367626,-0.026478,0.188091,-0.684831,0.70351
496778,-89.397382,-14.163537,-162.72453,-0.020199,0.191463,-0.676936,0.710416
496858,-88.268194,-15.08204,-162.828349,-0.015852,0.196185,-0.668522,0.717174
496878,-88.079162,-15.316701,-162.797654,-0.014944,0.197751,-0.666881,0.71829
496898,-87.956048,-15.56207,-162.805086,-0.013622,0.199172,-0.665696,0.719023
496918,-87.918468,-15.810775,-162.854632,-0.011869,0.20038,-0.665112,0.719259
496938,-87.913175,-16.012989,-162.891652,-0.01042,0.201383,-0.664789,0.7193
496978,-87.868171,-16.333545,-162.971906,-0.008053,0.202846,-0.664082,0.719572
497018,-87.847052,-16.630098,-163.105737,-0.005454,0.203856,-0.66366,0.7197
497038,-87.842448,-16.76911,-163.167796,-0.00423,0.204334,-0.663494,0.719726
497058,-87.807696,-16.886939,-163.201633,-0.003366,0.204847,-0.663126,0.719924
497078,-87.753458,-17.001994,-163.197876,-0.00279,0.20556,-0.662572,0.720233
497098,-87.684097,-17.083871,-163.211509,-0.002334,0.205973,-0.662013,0.72063
497118,-87.636361,-17.167766,-163.252791,-0.001653,0.20624,-0.661637,0.720902
497138,-87.650206,-17.265622,-163.275617,-0.000892,0.206698,-0.661589,0.720816
497158,-87.668804,-17.354133,-163.274552,-0.00033,0.207238,-0.661544,0.720703
497178,-87.650288,-17.419245,-163.253433,-0.000102,0.207752,-0.661271,0.720805
497218,-87.487845,-17.489499,-163.225443,-0.000149,0.208336,-0.660071,0.721736
497378,-87.320745,-17.837343,-163.370134,0.002557,0.209605,-0.658648,0.722663
497438,-87.311053,-17.842464,-163.360995,0.002513,0.209688,-0.658561,0.722719
497518,-87.581788,-17.90466,-163.26167,0.002759,0.210628,-0.65997,0.721157
497538,-87.709314,-17.91135,-163.302952,0.003294,0.210427,-0.660836,0.72042
497578,-87.998907,-17.912967,-163.376376,0.004295,0.210004,-0.662786,0.718745
497598,-88.208123,-17.920366,-163.366063,0.004659,0.210099,-0.664065,0.717534
497618,-88.462718,-17.886303,-163.353536,0.00484,0.209958,-0.665697,0.71606
497658,-89.031154,-17.591898,-163.225661,0.003285,0.208927,-0.669545,0.712775
497678,-89.48222,-17.452539,-163.118974,0.00259,0.208713,-0.672405,0.710144
497698,-90.053927,-17.358186,-162.942659,0.001962,0.209181,-0.67579,0.706786
497718,-90.675133,-17.170061,-162.698712,0.000433,0.209511,-0.67951,0.703115
497738,-91.251546,-16.802825,-162.372448,-0.002793,0.209309,-0.683114,0.69967
497838,-94.510338,-14.024542,-160.473164,-0.025856,0.205239,-0.70429,0.679105
497918,-97.287589,-10.815663,-158.520262,-0.053012,0.200362,-0.722602,0.659463
497998,-101.440276,-6.747226,-155.473684,-0.089769,0.200581,-0.747164,0.62726
498018,-101.874362,-5.491568,-154.872709,-0.100645,0.198205,-0.750417,0.622463
498038,-102.344647,-4.171818,-154.344612,-0.111485,0.195125,-0.754015,0.617219
498058,-103.140952,-2.770172,-153.67091,-0.123094,0.193009,-0.759136,0.609351
498118,-106.103328,1.098517,-151.313948,-0.156328,0.19239,-0.775654,0.580438
498138,-106.851889,2.58432,-150.629604,-0.16854,0.190541,-0.780056,0.571666
498158,-107.462399,4.360106,-149.916669,-0.183038,0.187355,-0.783895,0.562943
498198,-108.856563,7.655236,-148.408918,-0.210248,0.183543,-0.791483,0.543749
498258,-111.585087,12.176309,-145.933835,-0.247634,0.183848,-0.803683,0.508892
498278,-112.184969,13.905508,-145.259914,-0.261227,0.181464,-0.806357,0.498618
498358,-114.724953,20.126407,-142.261953,-0.310963,0.178994,-0.81509,0.454854
498378,-115.435839,21.573675,-141.406923,-0.322705,0.180113,-0.816884,0.442856
498438,-116.783449,26.192608,-139.516067,-0.357672,0.175579,-0.819367,0.412166
498458,-117.153372,27.668256,-138.832993,-0.368994,0.174608,-0.819523,0.402165
498478,-117.509511,29.012219,-138.071659,-0.379644,0.174815,-0.8194,0.392292
498498,-117.782992,30.29303,-137.267609,-0.390029,0.175383,-0.818834,0.382922
498518,-117.848057,31.599262,-136.470485,-0.400737,0.175066,-0.817493,0.374789
498558,-117.585586,34.158131,-135.21134,-0.42094,0.170792,-0.813901,0.362223
498598,-117.460279,36.211628,-133.860984,-0.437707,0.169935,-0.810656,0.349817
498618,-117.544168,37.053121,-133.271539,-0.444371,0.170324,-0.809647,0.343506
498658,-117.522844,38.770025,-132.503867,-0.456768,0.167259,-0.807575,0.333482
498678,-117.31048,39.755157,-132.319383,-0.463334,0.162862,-0.806133,0.330071
498698,-117.088376,40.71068,-132.168231,-0.469584,0.158301,-0.804698,0.326944
498718,-116.92247,41.543929,-131.937863,-0.475227,0.155099,-0.803368,0.323579
498738,-116.778107,42.286466,-131.651582,-0.480435,0.152805,-0.80207,0.320183
498778,-116.443838,43.640913,-131.358362,-0.489282,0.146661,-0.799776,0.315359
498798,-116.265433,44.208509,-131.284733,-0.492864,0.143556,-0.798758,0.313788
498818,-116.077849,44.720944,-131.165027,-0.496254,0.140996,-0.797693,0.31231
498898,-115.464799,46.31845,-130.778096,-0.506748,0.132894,-0.794255,0.307741
498918,-115.368848,46.598139,-130.628857,-0.508768,0.132075,-0.793586,0.306485
498978,-114.989076,47.228156,-130.411616,-0.513155,0.128661,-0.791781,0.30529
499038,-115.165787,47.506104,-130.561156,-0.514044,0.126991,-0.792168,0.303482
499078,-115.250864,47.794604,-130.704727,-0.515111,0.1249,-0.792285,0.302233
499098,-115.252899,47.924104,-130.850606,-0.515414,0.123236,-0.792327,0.302289
499118,-115.365037,47.901128,-131.015295,-0.514737,0.122718,-0.792821,0.302359
499138,-115.515137,47.80907,-131.068093,-0.513944,0.123495,-0.793361,0.301975
499158,-115.613956,47.755433,-131.071808,-0.51354,0.124186,-0.793676,0.301551
499178,-115.645963,47.756095,-131.121778,-0.513378,0.123979,-0.793813,0.301551
499198,-115.700481,47.647325,-131.226334,-0.512459,0.124054,-0.794175,0.302132
499218,-115.80848,47.319557,-131.39948,-0.510116,0.125004,-0.794962,0.303629
499238,-116.014274,46.748711,-131.665584,-0.506085,0.126968,-0.796343,0.305933
499258,-116.325689,46.00771,-132.028458,-0.500707,0.12956,-0.798274,0.308651
499298,-116.9418,44.415409,-132.627903,-0.489514,0.136031,-0.802075,0.313921
499418,-117.322487,37.430728,-134.566201,-0.443022,0.158469,-0.810643,0.348537
499458,-117.013776,34.48083,-135.357643,-0.423276,0.166085,-0.812178,0.365541
499498,-117.089264,30.691646,-136.228396,-0.397063,0.178502,-0.814829,0.382795
499518,-116.866777,28.928699,-136.846351,-0.384316,0.181814,-0.815305,0.393095
499538,-116.449685,27.380903,-137.623066,-0.37252,0.182338,-0.815185,0.404295
499578,-115.148575,24.697313,-139.588207,-0.350317,0.177199,-0.813441,0.429176
499598,-114.667005,23.418984,-140.464985,-0.339517,0.175718,-0.812807,0.439542
499618,-114.507807,22.040235,-141.199176,-0.327997,0.17672,-0.813065,0.44734
499638,-114.357215,20.566666,-141.981724,-0.315536,0.177864,-0.813321,0.455313
499658,-114.008329,19.002254,-142.979546,-0.301785,0.177399,-0.812987,0.465304
499678,-113.299724,17.64263,-144.111459,-0.289221,0.17414,-0.811321,0.477268
499718,-112.001852,15.013633,-146.058883,-0.26543,0.170002,-0.807408,0.498736
499758,-111.445369,12.584345,-147.176725,-0.245057,0.172825,-0.805268,0.511491
499778,-110.664091,11.769646,-147.844499,-0.23774,0.170518,-0.802244,0.520393
499798,-109.348187,11.065626,-148.689093,-0.23106,0.165451,-0.796973,0.532983
499818,-108.140978,9.953317,-149.602808,-0.221048,0.16236,-0.791806,0.54573
499878,-107.047424,5.962485,-151.626306,-0.186055,0.166836,-0.786094,0.565336
499998,-102.098405,1.073772,-155.389413,-0.14113,0.160025,-0.761031,0.612622
500078,-98.975069,-2.417188,-157.8594,-0.108882,0.159294,-0.743343,0.640478
500098,-98.600146,-3.346839,-158.28417,-0.10097,0.161371,-0.740676,0.644332
500118,-97.892552,-3.917605,-158.702833,-0.095897,0.161257,-0.736542,0.649851
500158,-96.191671,-4.97184,-159.509424,-0.086871,0.160713,-0.726564,0.662366
500178,-95.594535,-5.723087,-159.820648,-0.081092,0.162591,-0.722541,0.667026
500218,-94.462636,-7.17004,-160.376516,-0.07023,0.166664,-0.714719,0.675624
500238,-93.771804,-7.720121,-160.657032,-0.06609,0.16769,-0.710263,0.68047
500258,-92.925912,-8.210109,-160.906402,-0.062753,0.168528,-0.704882,0.68615
500278,-92.066838,-8.739529,-161.17002,-0.059116,0.169561,-0.699337,0.691869
500298,-91.452203,-9.431378,-161.425251,-0.054171,0.171785,-0.694975,0.696107
500318,-91.087936,-10.226342,-161.627957,-0.048547,0.175099,-0.691869,0.698785
500338,-90.694066,-10.895082,-161.830841,-0.043767,0.177684,-0.68875,0.701525
500358,-90.146954,-11.414201,-162.039066,-0.040133,0.179325,-0.684908,0.705076
500498,-87.775806,-14.459983,-163.065507,-0.018971,0.190972,-0.666888,0.720021
500518,-87.399046,-14.628394,-163.124684,-0.01821,0.191589,-0.664334,0.722235
500558,-87.065139,-15.046516,-163.256589,-0.01542,0.193321,-0.661743,0.724213
500578,-87.043487,-15.251865,-163.29369,-0.013987,0.194355,-0.661321,0.724351
500618,-86.691835,-15.369609,-163.343264,-0.013563,0.194745,-0.658979,0.726386
500638,-86.438066,-15.405905,-163.388698,-0.013489,0.194676,-0.657384,0.72785
500658,-86.267038,-15.52703,-163.392974,-0.013029,0.195374,-0.656097,0.728832
500678,-86.195717,-15.666407,-163.373822,-0.01244,0.19633,-0.655372,0.729237
500698,-86.172829,-15.759374,-163.36314,-0.011992,0.196958,-0.655048,0.729366
500718,-86.135304,-15.819729,-163.379491,-0.011593,0.197231,-0.654734,0.729582
500738,-85.998939,-15.838251,-163.402413,-0.011571,0.1972,-0.653872,0.730362
500758,-85.721859,-15.766814,-163.451577,-0.012158,0.196452,-0.652312,0.731948
500778,-85.400232,-15.65652,-163.52981,-0.012863,0.195293,-0.650578,0.733788
500798,-85.190675,-15.594389,-163.581856,-0.013254,0.19459,-0.649429,0.734984
500838,-85.169167,-15.594978,-163.533225,-0.013599,0.194866,-0.649208,0.7351
500858,-85.159454,-15.575577,-163.474786,-0.014105,0.195076,-0.649079,0.735148
500878,-85.050089,-15.507468,-163.46245,-0.014772,0.19471,-0.648472,0.735767
500958,-85.035719,-15.666612,-163.601677,-0.012963,0.194907,-0.648345,0.735861
501038,-85.087532,-15.764032,-163.67547,-0.011826,0.195098,-0.648637,0.735572
501058,-85.180887,-15.828251,-163.698338,-0.01114,0.195375,-0.649166,0.735043
501078,-85.315347,-15.903744,-163.673531,-0.010623,0.195995,-0.649856,0.734275
501098,-85.455393,-15.980664,-163.630323,-0.010203,0.196727,-0.650547,0.733473
501118,-85.576827,-16.03956,-163.616731,-0.009732,0.197178,-0.651199,0.732779
501138,-85.693753,-16.096287,-163.622113,-0.009159,0.197506,-0.651858,0.732112
501158,-85.875026,-16.206152,-163.694527,-0.007731,0.197783,-0.652951,0.73108
501178,-86.138623,-16.356379,-163.777855,-0.005849,0.198245,-0.654515,0.729571
501198,-86.409072,-16.497726,-163.866279,-0.003974,0.198616,-0.656144,0.728019
501218,-86.663196,-16.578182,-163.8939,-0.002876,0.198957,-0.657665,0.726557
501238,-86.754003,-16.519788,-163.861197,-0.003276,0.198791,-0.658285,0.726039
501258,-86.740411,-16.360762,-163.825052,-0.004483,0.198029,-0.658412,0.726126
501278,-86.74332,-16.223057,-163.741136,-0.005836,0.197671,-0.658523,0.726113
501298,-86.749447,-16.062995,-163.657493,-0.007315,0.197176,-0.658693,0.726079
501318,-86.442451,-15.62901,-163.606117,-0.010766,0.194796,-0.657401,0.727848
501338,-85.840458,-14.777736,-163.40729,-0.018123,0.19063,-0.65467,0.731259
501358,-85.211917,-13.892695,-163.026111,-0.026847,0.187208,-0.65149,0.734707
501378,-84.83933,-13.228074,-162.632036,-0.033904,0.185216,-0.649549,0.736635
501478,-82.215677,-8.187308,-160.475377,-0.081148,0.164182,-0.637191,0.74863
501558,-80.399734,-4.721352,-158.955878,-0.11316,0.148649,-0.628331,0.755181
501638,-78.832138,-2.661847,-158.01506,-0.132697,0.138575,-0.619725,0.761005
501658,-78.773808,-2.544158,-157.982412,-0.133626,0.137906,-0.619465,0.761176
501678,-78.624521,-2.420041,-158.089974,-0.133772,0.136336,-0.618774,0.761995
501698,-78.571703,-2.385191,-158.317378,-0.132521,0.134824,-0.618739,0.762511
501718,-78.74827,-2.559468,-158.600216,-0.129491,0.134657,-0.620004,0.762033
501758,-80.310601,-3.914317,-159.457228,-0.114484,0.140562,-0.629512,0.755547
501778,-81.041055,-4.600715,-160.17407,-0.105036,0.141788,-0.634258,0.752715
501798,-81.346317,-4.782609,-160.84937,-0.099213,0.139502,-0.636844,0.751748
501818,-81.808625,-4.938343,-161.374257,-0.094338,0.137981,-0.640301,0.749717
501838,-82.962702,-5.624345,-161.731298,-0.086687,0.141302,-0.647357,0.743941
501858,-84.659355,-6.903623,-162.216228,-0.073995,0.147864,-0.657218,0.735341
501878,-86.446897,-8.294967,-162.790414,-0.059758,0.154298,-0.66748,0.726011
501898,-87.751743,-9.196259,-163.385502,-0.048827,0.156993,-0.675271,0.719012
501918,-88.675547,-9.597817,-163.810271,-0.04247,0.157302,-0.681073,0.713857
501978,-91.967336,-10.735019,-163.555956,-0.032351,0.16672,-0.699335,0.694326
502058,-95.718394,-9.413325,-160.997162,-0.050354,0.176266,-0.719777,0.669564
502078,-96.399022,-8.587215,-160.217059,-0.059167,0.176827,-0.723763,0.664378
502158,-99.357833,-4.601415,-157.022265,-0.098867,0.177288,-0.741355,0.639678
502198,-101.035806,-1.970098,-155.186474,-0.123665,0.176519,-0.751329,0.623741
502218,-101.879593,-0.676474,-154.329531,-0.135534,0.176146,-0.756236,0.615394
502238,-102.728832,0.637164,-153.488148,-0.147407,0.17575,-0.7611,0.606721
502278,-104.640028,3.425158,-151.738759,-0.172103,0.175422,-0.771603,0.586716
502298,-105.611199,4.899984,-150.887867,-0.184757,0.175013,-0.776807,0.576027
502318,-106.587725,6.355455,-150.04729,-0.197159,0.174853,-0.781846,0.565042
502338,-107.629971,7.751762,-149.212572,-0.208966,0.175281,-0.786964,0.553441
502358,-108.580269,9.292415,-148.316875,-0.222088,0.175437,-0.79147,0.541733
502378,-109.482564,10.852971,-147.462418,-0.235129,0.175313,-0.795617,0.530069
502398,-110.433818,12.405217,-146.616062,-0.247906,0.175469,-0.799776,0.517796
502418,-111.319625,13.957439,-145.817285,-0.26047,0.175336,-0.803486,0.505789
502438,-112.054376,15.45227,-145.086919,-0.272487,0.174818,-0.806398,0.494886
502458,-112.621049,17.073876,-144.264114,-0.285839,0.174139,-0.808487,0.484067
502478,-113.211,18.722088,-143.422307,-0.299341,0.173541,-0.810319,0.472929
502498,-113.871794,20.257803,-142.590635,-0.31182,0.173717,-0.812235,0.461373
502618,-116.341262,28.710178,-138.405546,-0.378331,0.17002,-0.815902,0.402819
502678,-116.793243,32.611619,-136.711209,-0.407775,0.16476,-0.814077,0.379278
502738,-116.809048,36.060749,-135.640973,-0.4322,0.155605,-0.811235,0.361785
502798,-116.482565,39.391354,-135.586618,-0.452595,0.138338,-0.808203,0.350469
502858,-116.077562,42.322215,-135.724178,-0.46971,0.121166,-0.80489,0.341824
502878,-116.011064,43.121983,-135.791209,-0.47418,0.116422,-0.804061,0.339243
502898,-115.937707,43.867593,-135.884141,-0.478247,0.111729,-0.803247,0.337032
502918,-115.88241,44.486593,-135.922281,-0.481715,0.108123,-0.802523,0.334987
502958,-115.836757,45.534877,-135.914522,-0.48772,0.102713,-0.801317,0.330863
502978,-115.687518,46.163623,-136.002822,-0.491138,0.09829,-0.800295,0.329623
503098,-114.812707,48.7724,-135.754627,-0.507004,0.082971,-0.794631,0.323458
503178,-114.548816,49.598238,-135.521431,-0.512343,0.079189,-0.792724,0.320662
503198,-114.410887,49.816852,-135.432611,-0.513868,0.078065,-0.792009,0.320261
503218,-114.315797,50.010707,-135.456503,-0.514911,0.076479,-0.79152,0.320177
503238,-114.331821,50.143267,-135.520761,-0.515436,0.075425,-0.791442,0.319776
503258,-114.472441,50.181161,-135.563108,-0.51543,0.075568,-0.791813,0.318833
503298,-114.721182,50.402855,-135.535637,-0.516538,0.075737,-0.792199,0.316028
503318,-114.78667,50.551582,-135.622804,-0.517058,0.074667,-0.792243,0.31532
503338,-114.897333,50.604865,-135.903047,-0.516503,0.072953,-0.792658,0.315588
503358,-115.088565,50.406489,-136.277369,-0.514273,0.072233,-0.793684,0.316813
503378,-115.323072,49.92298,-136.599754,-0.51059,0.073505,-0.795181,0.31872
503418,-115.802497,48.537599,-137.285395,-0.500686,0.077861,-0.798788,0.324327
503458,-115.971271,46.796973,-138.019204,-0.488658,0.082217,-0.801972,0.333609
503478,-116.124335,45.538326,-138.423291,-0.480165,0.086332,-0.804222,0.339433
503498,-116.318395,44.141744,-138.662416,-0.471223,0.092418,-0.806572,0.344745
503518,-116.394483,42.7671,-138.82772,-0.462622,0.098391,-0.808402,0.35041
503638,-114.141067,33.214807,-142.17648,-0.395774,0.11374,-0.811298,0.414996
503818,-107.697931,17.613984,-151.140011,-0.265005,0.111376,-0.79527,0.533773
503838,-106.590457,15.653532,-152.304216,-0.247734,0.111082,-0.790647,0.548786
503858,-105.30175,13.905177,-153.361215,-0.232388,0.11035,-0.784795,0.563839
503878,-104.341317,12.193232,-154.336348,-0.217252,0.110941,-0.780221,0.575976
503898,-103.736544,10.38967,-155.105755,-0.20212,0.114292,-0.776993,0.585121
503918,-102.903384,8.854251,-155.738299,-0.189631,0.116887,-0.772438,0.594742
503938,-101.443923,7.812478,-156.434118,-0.180661,0.115561,-0.764807,0.607518
503958,-99.62171,6.810531,-157.219521,-0.171788,0.113132,-0.755104,0.622501
503978,-98.030522,5.610208,-157.982084,-0.161275,0.112379,-0.746248,0.635983
503998,-96.977334,4.219778,-158.686072,-0.149514,0.114336,-0.739933,0.645811
504038,-95.929706,1.126194,-159.891423,-0.124044,0.123143,-0.732448,0.658004
504098,-92.418825,-1.443747,-161.407875,-0.102786,0.125186,-0.710932,0.684354
504158,-90.964282,-4.727284,-162.32465,-0.078559,0.138016,-0.699527,0.696737
504198,-89.267629,-5.67914,-162.686213,-0.072561,0.140462,-0.688412,0.70788
504258,-87.241713,-7.429335,-163.817661,-0.057421,0.143326,-0.67498,0.7215
504358,-85.69085,-9.405235,-164.373202,-0.044103,0.151685,-0.66327,0.731518
504378,-85.654144,-9.822203,-164.486801,-0.040954,0.153621,-0.662622,0.731885
504398,-85.682688,-10.194366,-164.530801,-0.038427,0.155701,-0.662353,0.731826
504438,-85.53435,-10.620774,-164.481119,-0.036419,0.158603,-0.660743,0.73276
504458,-85.47533,-10.836831,-164.47131,-0.035284,0.15999,-0.660047,0.733141
504478,-85.44775,-11.088056,-164.488659,-0.033724,0.161451,-0.659538,0.733353
504518,-85.378027,-11.528585,-164.572083,-0.03068,0.163703,-0.658577,0.73385
504538,-85.373765,-11.72171,-164.610209,-0.029299,0.164689,-0.658325,0.733913
504658,-85.585822,-12.873392,-164.871655,-0.020489,0.17041,-0.658365,0.732868
504678,-85.648646,-13.011004,-164.81215,-0.019959,0.171619,-0.658471,0.732505
504718,-85.6743,-13.256321,-164.693893,-0.019219,0.173826,-0.658085,0.732352
504798,-85.78193,-13.646494,-164.87966,-0.01555,0.175196,-0.658459,0.731776
504858,-86.086072,-14.139787,-165.016155,-0.011274,0.1775,-0.659848,0.730046
504878,-86.088367,-14.209337,-165.004174,-0.010932,0.177999,-0.659736,0.730031
504918,-86.046013,-14.306257,-164.983698,-0.010551,0.178712,-0.659283,0.730272
504958,-86.185437,-14.521643,-165.019788,-0.008818,0.179846,-0.65989,0.729468
504978,-86.287972,-14.628354,-165.039131,-0.007897,0.1804,-0.660405,0.728875
505018,-86.370816,-14.685931,-165.004051,-0.007645,0.180962,-0.660785,0.728393
505038,-86.372482,-14.70432,-164.96572,-0.007776,0.181297,-0.660706,0.728381
505058,-86.392693,-14.753282,-164.959819,-0.007489,0.181634,-0.660748,0.728262
505078,-86.422145,-14.821277,-164.965297,-0.007,0.182022,-0.660836,0.72809
505198,-86.404926,-15.124826,-164.99994,-0.004992,0.183689,-0.660297,0.728177
505278,-86.722065,-15.332923,-165.000732,-0.003231,0.184973,-0.661976,0.726334
505358,-86.820379,-15.410213,-164.785704,-0.00397,0.186692,-0.662125,0.725755
505438,-86.939757,-15.588715,-164.759954,-0.002865,0.187936,-0.662547,0.725054
505458,-86.975328,-15.610466,-164.780049,-0.002549,0.187953,-0.66277,0.724847
505478,-87.001427,-15.624782,-164.787084,-0.002376,0.188001,-0.662923,0.724695
505538,-86.998483,-15.634668,-164.720448,-0.002742,0.188446,-0.662779,0.72471
505558,-87.004227,-15.659889,-164.672473,-0.002885,0.188878,-0.662695,0.724674
505578,-87.008967,-15.685109,-164.627025,-0.003012,0.189295,-0.662608,0.724644
505598,-87.013209,-15.704294,-164.604035,-0.003036,0.189545,-0.662565,0.724618
505638,-86.973593,-15.714928,-164.621137,-0.002929,0.18951,-0.662325,0.724847
505778,-86.85203,-15.655039,-164.537468,-0.004019,0.189623,-0.661517,0.72555
